{"washing machine": {"mains_mean": 326.1907043457031, "mains_std": 453.15679931640625, "app_mean": 13.206274032592773, "app_std": 171.00425720214844}, "fridge": {"mains_mean": 397.02105712890625, "mains_std": 559.6532592773438, "app_mean": 66.56159210205078, "app_std": 84.513427734375}, "dish washer": {"mains_mean": 397.02105712890625, "mains_std": 559.6532592773438, "app_mean": 15.347867012023926, "app_std": 117.8402328491211}}