{"fridge": {"mains_mean": 474.1447448730469, "mains_std": 672.0032958984375, "app_mean": 61.30914306640625, "app_std": 73.27726745605469}, "washing machine": {"mains_mean": 324.8569030761719, "mains_std": 413.27899169921875, "app_mean": 17.505022048950195, "app_std": 198.07545471191406}, "dish washer": {"mains_mean": 410.6099548339844, "mains_std": 547.9041137695312, "app_mean": 5.960495471954346, "app_std": 76.01984405517578}}